Titre,Statut,Assigné à,Progression,Catégorie,Domaine,Priorité,Notes
🔐 Authentification e-mail + mot de passe,✅ Fait,,100,🏗️ Fondations,🔀 Full-stack,,"Better Auth, réinitialisation, limitation de débit"
🧭 Onboarding (choix du rôle),✅ Fait,,100,🏗️ Fondations,🔀 Full-stack,,"Rôle non modifiable ensuite"
🗄️ Modèle de données Prisma,✅ Fait,,100,🏗️ Fondations,⚙️ Back,,"Profils, instruments, disponibilités, réservations, avis"
🕒 Moteur de disponibilités,✅ Fait,,100,🏗️ Fondations,⚙️ Back,,"Règles + exceptions, juste au changement d'heure"
🔄 Cycle de vie des réservations,✅ Fait,,100,🏗️ Fondations,⚙️ Back,,"Machine à états + contrainte anti-double-réservation"
🗃️ Stockage de fichiers (Scaleway),✅ Fait,,100,🏗️ Fondations,☁️ Infra,,"Object Storage S3-compatible, région fr-par (RGPD) ; bucket public (photos) + bucket privé (partitions/audio/comptes rendus) avec URLs signées. Vérifié de bout en bout (upload, EXIF retiré, suppression)"
🔗 Relation prof ↔ élève,✅ Fait,,100,🏗️ Fondations,⚙️ Back,,"Fil persistant indépendant d'un cours (modèle Message) + note privée (TeacherStudentNote). Socle des fiches élèves"
🏠 Page d'accueil éditoriale,✅ Fait,,100,🌍 Public,🎨 Front,,"Portée gravée animée, direction artistique"
🔎 Recherche /profs,✅ Fait,,100,🌍 Public,🔀 Full-stack,,"Filtres dans l'URL, classement bayésien, indexable"
👤 Fiche prof publique,✅ Fait,,100,🌍 Public,🔀 Full-stack,,"SEO, JSON-LD, créneaux groupés matin/après-midi/soir"
📆 Widget de réservation,✅ Fait,,100,🌍 Public,🔀 Full-stack,,"Créneaux réels, demande en quelques clics"
🎂 Âge sur les profils,✅ Fait,,100,🌍 Public,🔀 Full-stack,,"Prof : âge optionnel sur la fiche publique (opt-in explicite). Élève : âge affiché sur la fiche"
🪪 Ma fiche,✅ Fait,,100,🧑‍🏫 Espace prof,🔀 Full-stack,,"Présentation, instruments, tarif, règles, publier"
🗓️ Disponibilités,✅ Fait,,100,🧑‍🏫 Espace prof,🔀 Full-stack,,"Semaine type + congés"
📥 Demandes de cours,✅ Fait,,100,🧑‍🏫 Espace prof,🔀 Full-stack,,"Boîte de réception : confirmer / refuser / clôturer ; profil complet de l'élève en un clic"
🖼️ Photo de profil,✅ Fait,,100,🧑‍🏫 Espace prof,🔀 Full-stack,,"Sur User (identité partagée), photo prof publique. Traitée par sharp (redim/WebP/EXIF retiré). Photo côté élève : plus tard"
📝 Comptes rendus de cours,✅ Fait,,100,🧑‍🏫 Espace prof,🔀 Full-stack,,"Écrit par le prof, lisible par l'élève, accroché au Booking. Pièces jointes images/partitions + notes audio (lecteur sur mesure), en-tête « Cours de … », onglet dédié, visionneuse d'images"
🗂️ Fiches élèves (façon fiche client),✅ Fait,,100,🧑‍🏫 Espace prof,🔀 Full-stack,,"Profil, historique, comptes rendus, messages, note privée — en onglets. Filtres (recherche + instrument)"
💬 Messagerie prof ↔ élève,✅ Fait,,100,🧑‍🏫 Espace prof,🔀 Full-stack,,"Asynchrone : commentaires par compte rendu + fil général, notif e-mail, horodatage. Notes audio via le stockage. Indicateurs de non-lus : à venir"
⭐ Avis reçus + droit de réponse,✅ Fait,,100,🧑‍🏫 Espace prof,🔀 Full-stack,,"+ signalement"
💳 Abonnement Stripe,✅ Fait,,100,🧑‍🏫 Espace prof,🔀 Full-stack,,"Checkout, portail, visibilité dérivée de l'abonnement"
📈 Suivi d'activité (revenus),✅ Fait,,100,🧑‍🏫 Espace prof,🔀 Full-stack,,"Période, filtres, graphe, par instrument/élève, journal, export CSV"
📊 Stats sur le tableau de bord,✅ Fait,,100,🧑‍🏫 Espace prof,🔀 Full-stack,,"Demandes, cours à venir/donnés, CA estimé"
🎓 Mes cours (élève),✅ Fait,,100,🎒 Espace élève,🔀 Full-stack,,"Demandes, à venir, historique, annulation"
🧑‍🎓 Mon profil élève,✅ Fait,,100,🎒 Espace élève,🔀 Full-stack,,"Niveau, objectifs, responsable si mineur"
✍️ Dépôt d'avis,✅ Fait,,100,🎒 Espace élève,🔀 Full-stack,,"Après un cours clôturé"
📁 Dossier partagé (côté élève),✅ Fait,,100,🎒 Espace élève,🔀 Full-stack,,"Pendant de la fiche élève : cours, comptes rendus, échanges. Note privée du prof exclue. En onglets + filtres"
📚 Sidebar de l'espace élève,✅ Fait,,100,🎒 Espace élève,🎨 Front,,"Symétrique de la sidebar prof"
🕐 Demi-heures + repère « maintenant »,✅ Fait,,100,📅 Agenda,🎨 Front,,
🧱 Blocs de cours enrichis,✅ Fait,,100,📅 Agenda,🎨 Front,,"Barre de statut, mode, heure, survol"
↔️ Bascule jour / semaine,✅ Fait,,100,📅 Agenda,🔀 Full-stack,,
📅 Vue mois,✅ Fait,,100,📅 Agenda,🔀 Full-stack,,"Aperçu calendrier, lecture seule"
✋ Glisser-déposer (reprogrammation),✅ Fait,,100,📅 Agenda,🔀 Full-stack,,"Re-validation dispo + chevauchement, élève prévenu"
🔗 Avis rattachés à une réservation,✅ Fait,,100,🛡️ Modération,⚙️ Back,,"Impossible à fabriquer, moyennes dérivées"
🛡️ Modération a posteriori (/admin/avis),✅ Fait,,100,🛡️ Modération,🔀 Full-stack,,"Masquer / restaurer"
🚩 Signalements,✅ Fait,,100,🛡️ Modération,🔀 Full-stack,,"Le prof signale, la modération tranche"
✉️ E-mails de réservation,✅ Fait,,100,🔔 Notifications,⚙️ Back,,"Demande / confirmation / refus / annulation / avis / cours déplacé"
⏰ Rappels 24 h (endpoint),✅ Fait,,100,🔔 Notifications,⚙️ Back,,"Table de réclamation + reprise sur échec"
🎵 Favicon sur mesure,✅ Fait,,100,🖌️ Design,🎭 Design,,"Croche"
🎨 Palette ReChord (papier chaud),✅ Fait,,100,🖌️ Design,🎭 Design,,"Primaire épicéa + accent bronze"
🔤 Polices Inter + Fraunces,✅ Fait,,100,🖌️ Design,🎭 Design,,"Corps Inter, titres Fraunces"
📐 Système de mise en page éditorial,✅ Fait,,100,🖌️ Design,🎭 Design,,"Filets, titres démesurés, plus de grilles de cartes"
📚 Sidebar de l'espace prof,✅ Fait,,100,🖌️ Design,🎨 Front,,"+ lien Tableau de bord"
🧩 Migration middleware → proxy,✅ Fait,,100,🛠️ Infra,☁️ Infra,,"Next 16"
⚙️ Client Prisma en postinstall,✅ Fait,,100,🛠️ Infra,☁️ Infra,,"Build Vercel"
🔧 Correctifs auth en prod,✅ Fait,,100,🛠️ Infra,☁️ Infra,,"Cookie __Secure-, client relatif à l'origine, redirection"
🚫 Retrait de la connexion Google,✅ Fait,,100,🛠️ Infra,🔀 Full-stack,,"E-mail + mot de passe seulement pour l'instant"
🏷️ Renommage Noteva → SiNote,✅ Fait,,100,🖌️ Design,🧭 Produit,,"Marque + nom du projet"
📧 Vérifier un domaine e-mail,🔜 À faire,,0,🔔 Notifications,☁️ Infra,🔴 Haute,"Sinon les e-mails ne partent qu'à l'adresse du compte en prod ; envisager un émetteur FR (Scaleway TEM, Brevo)"
⏱️ Planifier le cron des rappels,🔜 À faire,,0,🔔 Notifications,☁️ Infra,🔴 Haute,"Vercel Cron ou GitHub Action — l'endpoint existe déjà"
👑 Promouvoir un administrateur,🔜 À faire,,0,🛡️ Modération,🧭 Produit,🔴 Haute,"UPDATE user SET role='ADMIN' — sinon modération inaccessible"
🇫🇷 Conformité RGPD,🔜 À faire,,0,🏗️ Fondations,🧭 Produit,🔴 Haute,"Outils hébergés en France/UE (Scaleway fr-par déjà en place) ; consentement du responsable pour les mineurs (photo, audio, fiches) ; politique de conservation et de suppression"
🎯 Régler le ressenti du glisser-déposer,🔜 À faire,,0,📅 Agenda,🎨 Front,🟠 Moyenne,"Aimantation, fantôme, détection de colonne (après tests visuels)"
🧾 Version élève du suivi d'activité,🔜 À faire,,0,🎒 Espace élève,🔀 Full-stack,🟠 Moyenne,"Cours à venir / suivis / budget"
🔵 Indicateurs de non-lus (messagerie),🔜 À faire,,0,🔔 Notifications,🔀 Full-stack,🟠 Moyenne,"Badges non-lus par fil (compte rendu + fil général)"
🆚 Comparaison de périodes (Activité),💡 Plus tard,,0,🧑‍🏫 Espace prof,🔀 Full-stack,🟢 Basse,"Ce mois vs mois précédent, variation en %"
🖼️ Photo de profil côté élève,💡 Plus tard,,0,🎒 Espace élève,🔀 Full-stack,🟢 Basse,"Consentement du responsable si mineur, jamais indexée"
↕️ Redimensionner un cours au drag,💡 Plus tard,,0,📅 Agenda,🔀 Full-stack,🟢 Basse,"+ glisser aussi les demandes en attente"
🟦 Indices de disponibilité en vue mois,💡 Plus tard,,0,📅 Agenda,🎨 Front,🟢 Basse,"Jours ouverts, petit aperçu horaire"
📝 Journal d'audit de la modération,💡 Plus tard,,0,🛡️ Modération,⚙️ Back,🟢 Basse,"Qui a masqué / pourquoi"
🚩 Signalement d'avis côté élève,💡 Plus tard,,0,🛡️ Modération,🔀 Full-stack,🟢 Basse,
🌐 Pages d'atterrissage instrument / ville,💡 Plus tard,,0,🌍 Public,🔀 Full-stack,🟢 Basse,"SEO"
🌳 Hiérarchie d'instruments,💡 Plus tard,,0,🌍 Public,⚙️ Back,🟢 Basse,"« guitare » couvre « guitare électrique »"
🧰 Exploiter les champs déjà stockés,💡 Plus tard,,0,🎒 Espace élève,🔀 Full-stack,🟢 Basse,"preferredGenres, prefersOnline, postalCode"
⚖️ Réglage du classement (PRIOR_WEIGHT),💡 Plus tard,,0,🌍 Public,⚙️ Back,🟢 Basse,
🌙 Thème sombre,💡 Plus tard,,0,🖌️ Design,🎭 Design,🟢 Basse,"Aujourd'hui clair uniquement, par choix"
